UPC,ASIN,Price Per Unit,MOQ,Qty available,Recommended Sell Price Per Unit,Your Estimated Monthly Sales,Gross Profit Per Unit,ROI,Profit Prediction,Amazon Link,Source Link
,B0009OAIE0,16.5,,,30.95,Between 44 and 89,5.1,30.92,,https://www.amazon.com/dp/B0009OAIE0,
,B000BM9BU2,5.25,,,12.08,Between 55 and 111,1.9,36.49,,https://www.amazon.com/dp/B000BM9BU2,
,B000CR1WUI,11.75,,,23.64,Between 25 and 50,3.6,30.52,,https://www.amazon.com/dp/B000CR1WUI,
,B000VOHQWU,4.5,,,13.99,Between 31 and 63,2.6,57.68,,https://www.amazon.com/dp/B000VOHQWU,
,B002XQ1X4G,39.5,,,70.93,Between 20 and 41,16.5,41.87,,https://www.amazon.com/dp/B002XQ1X4G,
,B00CRDFF62,5.5,,,15.69,Between 21 and 44,3.0,53.65,,https://www.amazon.com/dp/B00CRDFF62,
,B019UBI23Q,22,,,41.02,Between 33 and 67,8.3,37.93,,https://www.amazon.com/dp/B019UBI23Q,
,9790782667,43.45,,,66.44,Between 19 and 39,8.0,18.51,,https://www.amazon.com/dp/9790782667,
,9790790961,37,,,57.36,Between 126 and 252,6.6,17.82,,https://www.amazon.com/dp/9790790961,
,B0007PCDUI,13.25,,,27.5,Between 8 and 17,5.0,37.53,,https://www.amazon.com/dp/B0007PCDUI,
,B0009STDDI,13.5,,,24.21,Between 44 and 89,2.4,17.56,,https://www.amazon.com/dp/B0009STDDI,
,B000A3AEO4,13.95,,,26.49,Between 15 and 31,3.7,26.31,,https://www.amazon.com/dp/B000A3AEO4,
,B000E7UFM2,17.45,,,32.42,Between 12 and 24,4.8,27.75,,https://www.amazon.com/dp/B000E7UFM2,
,B000NVFM0E,23.25,,,38.46,Between 240 and 481,4.9,21.03,,https://www.amazon.com/dp/B000NVFM0E,
,B000P20Q0C,26.5,,,41.65,Between 9 and 18,4.2,15.81,,https://www.amazon.com/dp/B000P20Q0C,
,B000Q6IE8S,43.75,,,70.89,Between 9 and 19,11.6,26.6,,https://www.amazon.com/dp/B000Q6IE8S,
,B0018S47JS,14.7,,,27.58,Between 13 and 26,3.9,26.53,,https://www.amazon.com/dp/B0018S47JS,
,B001CT079C,46.5,,,70.11,Between 16 and 32,7.8,16.74,,https://www.amazon.com/dp/B001CT079C,
,B001CT0AGC,9.65,,,19.44,Between 98 and 198,1.9,20.14,,https://www.amazon.com/dp/B001CT0AGC,
,B0020MM61W,22.45,,,36.35,Between 13 and 26,3.6,16.1,,https://www.amazon.com/dp/B0020MM61W,
,B002WCN14Q,8,,,17.44,Between 12 and 24,2.0,25.08,,https://www.amazon.com/dp/B002WCN14Q,
,B003AW19SM,26,,,43.45,Between 9 and 19,6.7,25.77,,https://www.amazon.com/dp/B003AW19SM,
,B003UVAL8M,7,,,17.7,Between 9 and 19,3.4,47.97,,https://www.amazon.com/dp/B003UVAL8M,
,B003UYL9KI,53.95,,,79.41,Between 53 and 106,8.4,15.48,,https://www.amazon.com/dp/B003UYL9KI,
,B00COFP8Y2,13.25,,,23.99,Between 9 and 19,2.0,15.2,,https://www.amazon.com/dp/B00COFP8Y2,
,B00CP7A1BY,17.25,,,31.46,Between 42 and 84,4.3,24.93,,https://www.amazon.com/dp/B00CP7A1BY,
,B00D2GT02S,22.75,,,89.5,Between 18 and 37,48.8,214.41,,https://www.amazon.com/dp/B00D2GT02S,
,B00D9H82DI,4.8,,,13.15,Between 8 and 14,1.7,35.13,,https://www.amazon.com/dp/B00D9H82DI,
,B00IMTZIH6,6,,,14.55,Between 12 and 25,1.7,27.76,,https://www.amazon.com/dp/B00IMTZIH6,
,B00IMU09YM,15.45,,,27.27,Between 10 and 22,3.8,24.32,,https://www.amazon.com/dp/B00IMU09YM,
,B00IMU2IPA,24.65,,,43.62,Between 15 and 31,7.6,30.8,,https://www.amazon.com/dp/B00IMU2IPA,
,B00IUH9YUC,70,,,102.65,Between 15 and 31,11.2,16.02,,https://www.amazon.com/dp/B00IUH9YUC,
,B00NQGPPW8,14,,,28.89,Between 13 and 27,5.0,35.77,,https://www.amazon.com/dp/B00NQGPPW8,
,B01FDXG9XU,25.5,,,42,Between 16 and 32,5.0,19.53,,https://www.amazon.com/dp/B01FDXG9XU,
,B01IYC71Q6,63.95,,,101.62,Between 11 and 23,16.9,26.42,,https://www.amazon.com/dp/B01IYC71Q6,
,B01JWMZ1OQ,42.45,,,63.77,Between 11 and 23,6.8,16.11,,https://www.amazon.com/dp/B01JWMZ1OQ,
,B071GZBZQT,16.15,,,29,Between 47 and 95,4.0,24.87,,https://www.amazon.com/dp/B071GZBZQT,
,B07B7L582Q,47,,,98.21,Between 10 and 22,31.7,67.38,,https://www.amazon.com/dp/B07B7L582Q,
,B07HG3M5TK,13.25,,,25.29,Between 34 and 69,3.1,23.38,,https://www.amazon.com/dp/B07HG3M5TK,
,B07J3K98DK,16.5,,,28.48,Between 19 and 38,2.5,15.33,,https://www.amazon.com/dp/B07J3K98DK,
,B07VPRXXHN,269,,,447.01,Between 9 and 19,104.4,38.81,,https://www.amazon.com/dp/B07VPRXXHN,
,B07X5D6DH4,102,,,144.5,Between 19 and 39,15.9,15.57,,https://www.amazon.com/dp/B07X5D6DH4,
,B086BKWYKT,56,,,85.48,Between 18 and 37,11.8,21.13,,https://www.amazon.com/dp/B086BKWYKT,
,B0881CMWNH,10.45,,,23.19,Between 10 and 22,3.5,33.41,,https://www.amazon.com/dp/B0881CMWNH,
,B08L9V8ZNH,43.35,,,68.09,Between 11 and 22,8.2,18.95,,https://www.amazon.com/dp/B08L9V8ZNH,
,B08QN4KW65,5.15,,,14.08,Between 16 and 33,1.9,36.58,,https://www.amazon.com/dp/B08QN4KW65,
,B08RQ79WG6,10.75,,,21.88,Between 10 and 22,3.0,28.34,,https://www.amazon.com/dp/B08RQ79WG6,
,B09B267M7R,27.95,,,45.36,Between 31 and 63,5.4,19.47,,https://www.amazon.com/dp/B09B267M7R,
,B09T27DXB4,8.5,,,19.14,Between 8 and 16,2.5,29.69,,https://www.amazon.com/dp/B09T27DXB4,
,B0B1MX9NZ8,9.55,,,19.29,Between 45 and 90,1.9,19.78,,https://www.amazon.com/dp/B0B1MX9NZ8,
,B0B8354XY2,12.5,,,24.1,Between 20 and 42,2.9,23.15,,https://www.amazon.com/dp/B0B8354XY2,
,B0BGW6H7PW,16.75,,,30.93,Between 23 and 46,3.8,22.84,,https://www.amazon.com/dp/B0BGW6H7PW,
,B0C171SR8T,64.45,,,96.78,Between 11 and 23,12.8,19.83,,https://www.amazon.com/dp/B0C171SR8T,
,B0CFRHV1MX,16.75,,,30.49,Between 44 and 89,3.5,20.94,,https://www.amazon.com/dp/B0CFRHV1MX,
,B0CH8ZWLKR,20,,,34.5,Between 21 and 44,3.3,16.3,,https://www.amazon.com/dp/B0CH8ZWLKR,
,B0CH91DD6H,19.5,,,34.3,Between 21 and 44,3.6,18.44,,https://www.amazon.com/dp/B0CH91DD6H,
,B0CJKJHYDB,12.5,,,24.05,Between 27 and 54,1.9,15.5,,https://www.amazon.com/dp/B0CJKJHYDB,
,B0CP7ZSLDV,74.5,,,119.49,Between 22 and 45,21.1,28.37,,https://www.amazon.com/dp/B0CP7ZSLDV,
,B0D4C6N7WZ,28.75,,,55.22,Between 11 and 20,13.2,46.04,,https://www.amazon.com/dp/B0D4C6N7WZ,
mtz,B01IAFHIYC,19.3,,,36.1,Between 101 and 203,5.4,28.01,,https://www.amazon.com/dp/B01IAFHIYC,
,B074MDVYTP,4,,,18.92,Between 81 and 163,6.7,167.4,,https://www.amazon.com/dp/B074MDVYTP,
,B008L5AZRO,30,,,54.79,Between 26 and 53,11.9,39.76,,https://www.amazon.com/dp/B008L5AZRO,
,B00AATXTC2,18.5,,,52.02,Between 33 and 67,21.8,117.71,,https://www.amazon.com/dp/B00AATXTC2,
,B075FZTGC9,18.5,,,36.72,Between 14 and 29,7.2,38.69,,https://www.amazon.com/dp/B075FZTGC9,
,B000JL3Y5I,12.5,,,23.89,Between 18 and 38,2.7,21.72,,https://www.amazon.com/dp/B000JL3Y5I,
,B000NVARRM,14,,,28.41,Between 14 and 28,5.1,36.11,,https://www.amazon.com/dp/B000NVARRM,
,B001CT02B0,6.25,,,14.57,Between 9 and 18,2.3,37.44,,https://www.amazon.com/dp/B001CT02B0,
,B002WCN14Q,7.98,,,17.44,Between 12 and 24,2.0,25.4,,https://www.amazon.com/dp/B002WCN14Q,
,B002Z7FU4W,10.25,,,21.22,Between 8 and 16,3.2,30.8,,https://www.amazon.com/dp/B002Z7FU4W,
,B003UVAL8M,7.5,,,17.7,Between 9 and 19,2.9,38.06,,https://www.amazon.com/dp/B003UVAL8M,
,B004XK5AHG,16.25,,,32.49,Between 14 and 30,5.6,34.37,,https://www.amazon.com/dp/B004XK5AHG,
,B00CP7A1BY,18.75,,,31.46,Between 42 and 84,2.8,15.03,,https://www.amazon.com/dp/B00CP7A1BY,
,B00D2GT02S,23.25,,,89.5,Between 18 and 37,48.3,207.64,,https://www.amazon.com/dp/B00D2GT02S,
,B00GS0OWSC,6.25,,,14.72,Between 11 and 23,2.6,41.02,,https://www.amazon.com/dp/B00GS0OWSC,
,B01GONKCVS,11,,,20.99,Between 44 and 89,1.9,17.4,,https://www.amazon.com/dp/B01GONKCVS,
,B01MCSVZC4,17.5,,,36.73,Between 18 and 37,10.2,58.02,,https://www.amazon.com/dp/B01MCSVZC4,
tjs,B0854WXRS6,7.5,,,16.44,Between 13 and 20,1.7,22.97,,https://www.amazon.com/dp/B0854WXRS6,